url_path,views_total,views_unique
/pwrliang/RayJoin,8,5
/pwrliang/RayJoin/blob/02bf6220d6d20b04af77ee20364eced75cc029c9/src/rt/primitive.h,6,1
/pwrliang/RayJoin/tree/main/src,5,3
/pwrliang/RayJoin/blob/02bf6220d6d20b04af77ee20364eced75cc029c9/src/algo/rt_pip_custom.cu,4,3
/pwrliang/RayJoin/blob/02bf6220d6d20b04af77ee20364eced75cc029c9/src/algo/rt_lsi_custom.cu,3,3
/pwrliang/RayJoin/blob/02bf6220d6d20b04af77ee20364eced75cc029c9/src/map/planar_graph.h,3,3
/pwrliang/RayJoin/blob/main/src/rt/rt_engine.h,3,1
/pwrliang/RayJoin/blob/02bf6220d6d20b04af77ee20364eced75cc029c9/src/CMakeLists.txt,2,2
/pwrliang/RayJoin/blob/02bf6220d6d20b04af77ee20364eced75cc029c9/src/app/pip_rt.h,2,2
/pwrliang/RayJoin/blob/main/src/rt/primitive.h,2,2
